{
  "GraphQL HTTP Request" : {
    "transaction" : "GraphQL HTTP Request",
    "sampleCount" : 1000,
    "errorCount" : 0,
    "errorPct" : 0.0,
    "meanResTime" : 89.70000000000006,
    "medianResTime" : 87.0,
    "minResTime" : 82.0,
    "maxResTime" : 500.0,
    "pct1ResTime" : 93.0,
    "pct2ResTime" : 99.0,
    "pct3ResTime" : 136.99,
    "throughput" : 10.990581072021277,
    "receivedKBytesPerSec" : 213.93945271714642,
    "sentKBytesPerSec" : 14.509778010869686
  },
  "Total" : {
    "transaction" : "Total",
    "sampleCount" : 1000,
    "errorCount" : 0,
    "errorPct" : 0.0,
    "meanResTime" : 89.70000000000006,
    "medianResTime" : 87.0,
    "minResTime" : 82.0,
    "maxResTime" : 500.0,
    "pct1ResTime" : 93.0,
    "pct2ResTime" : 99.0,
    "pct3ResTime" : 136.99,
    "throughput" : 10.990581072021277,
    "receivedKBytesPerSec" : 213.93945271714642,
    "sentKBytesPerSec" : 14.509778010869686
  }
}