{
  "GraphQL HTTP Request" : {
    "transaction" : "GraphQL HTTP Request",
    "sampleCount" : 100,
    "errorCount" : 0,
    "errorPct" : 0.0,
    "meanResTime" : 18231.44,
    "medianResTime" : 18220.0,
    "minResTime" : 18187.0,
    "maxResTime" : 18654.0,
    "pct1ResTime" : 18273.0,
    "pct2ResTime" : 18290.4,
    "pct3ResTime" : 18650.489999999998,
    "throughput" : 0.05483830104362771,
    "receivedKBytesPerSec" : 0.718462608744351,
    "sentKBytesPerSec" : 0.07239887457411205
  },
  "Total" : {
    "transaction" : "Total",
    "sampleCount" : 100,
    "errorCount" : 0,
    "errorPct" : 0.0,
    "meanResTime" : 18231.44,
    "medianResTime" : 18220.0,
    "minResTime" : 18187.0,
    "maxResTime" : 18654.0,
    "pct1ResTime" : 18273.0,
    "pct2ResTime" : 18290.4,
    "pct3ResTime" : 18650.489999999998,
    "throughput" : 0.05483830104362771,
    "receivedKBytesPerSec" : 0.718462608744351,
    "sentKBytesPerSec" : 0.07239887457411205
  }
}