{
  "GraphQL HTTP Request" : {
    "transaction" : "GraphQL HTTP Request",
    "sampleCount" : 1000,
    "errorCount" : 0,
    "errorPct" : 0.0,
    "meanResTime" : 173.84699999999998,
    "medianResTime" : 171.0,
    "minResTime" : 127.0,
    "maxResTime" : 937.0,
    "pct1ResTime" : 185.89999999999998,
    "pct2ResTime" : 195.0,
    "pct3ResTime" : 253.0,
    "throughput" : 5.709457144814671,
    "receivedKBytesPerSec" : 112.43214667024459,
    "sentKBytesPerSec" : 7.537598559503962
  },
  "Total" : {
    "transaction" : "Total",
    "sampleCount" : 1000,
    "errorCount" : 0,
    "errorPct" : 0.0,
    "meanResTime" : 173.84699999999998,
    "medianResTime" : 171.0,
    "minResTime" : 127.0,
    "maxResTime" : 937.0,
    "pct1ResTime" : 185.89999999999998,
    "pct2ResTime" : 195.0,
    "pct3ResTime" : 253.0,
    "throughput" : 5.709457144814671,
    "receivedKBytesPerSec" : 112.43214667024459,
    "sentKBytesPerSec" : 7.537598559503962
  }
}